total_count	title	org_url	thumbnail
76316	우병우 사진 찍히자 창호지로 창문 가린 검찰	http://news.joins.com/article/20856041	http://imgnews.naver.net/image/origin/025/2016/11/11/2658365.jpg
72115	5만원 내면 부숴도 되는 '분노 객실' 등장	http://www.ytn.co.kr/_ln/0104_201602241540067079	http://imgnews.naver.net/image/origin/052/2016/02/24/784318.jpg
69435	"""아무렇게나 주무르고 만졌다"" 김포공항 청소노동자들의 '눈물의 삭발식'"	http://news.khan.co.kr/kh_news/khan_art_view.html?artid=201608121727001&code=940100	http://imgnews.naver.net/image/origin/032/2016/08/12/2721387.jpg
61602	"""차량 워셔액 뿌릴 때마다…"" 충격적 실험 결과"	http://news.sbs.co.kr/news/endPage.do?news_id=N1003657503	http://imgnews.naver.net/image/origin/055/2016/07/01/425477.jpg
61291	강남 화장실서 참혹하게…흉기 찔린 20대 여성 사망	http://news.jtbc.joins.com/article/article.aspx?news_id=NB11234943	http://imgnews.naver.net/image/origin/437/2016/05/17/118799.jpg
60835	박 대통령, 호남 지지율 0%…TK 지지율도 붕괴	http://news.joins.com/article/20824241	http://imgnews.naver.net/image/origin/025/2016/11/04/2656800.jpg
58429	'신경섬유종' 심현희 씨, 삼성서울병원이 돕는다	http://news.sbs.co.kr/news/endPage.do?news_id=N1003849208	http://imgnews.naver.net/image/origin/055/2016/10/21/466975.jpg
58169	'나만 살면 된다' 이기심에… 경종 울린 초인종	http://news.chosun.com/site/data/html_dir/2016/09/22/2016092200146.html	http://imgnews.naver.net/image/origin/023/2016/09/22/3212802.jpg
57116	소방관들의 '눈 진료' 무료로 도울 수 있는 방법	http://www.ytn.co.kr/_ln/0103_201609270625504610	http://imgnews.naver.net/image/origin/052/2016/09/27/908879.jpg
56540	대형사고 막은 운전기사…세상 끝에서 '장기기증'	http://news.sbs.co.kr/news/endPage.do?news_id=N1003893282	http://imgnews.naver.net/image/origin/055/2016/11/17/476837.jpg
54289	'200억 기부에 240억 세금'으로 화답한 대한민국	http://www.ytn.co.kr/_ln/0103_201607280501571877	http://imgnews.naver.net/image/origin/052/2016/07/28/880586.jpg
53588	“알바비 가로챈 악덕 기업은 필요 없다”···이랜드 ‘불매운동’ 불똥	http://news.khan.co.kr/kh_news/khan_art_view.html?artid=201612201618001&code=940100	http://imgnews.naver.net/image/origin/032/2016/12/20/2751541.jpg
52472	"""우린 부산 사람… 우리 동네 광안리 청소는 당연한 일"""	http://news.chosun.com/site/data/html_dir/2016/10/15/2016101500117.html	http://imgnews.naver.net/image/origin/023/2016/10/15/3219678.jpg
51659	"""썩어빠진 검찰 때문에""…검사 후배 김경진이 우병우에게 날린 '돌직구'"	http://news.sbs.co.kr/news/endPage.do?news_id=N1003953479	http://imgnews.naver.net/image/origin/055/2016/12/23/488105.jpg
49627	원룸 건물 불길속에 스러진 '초인종 義人'	http://news.chosun.com/site/data/html_dir/2016/09/21/2016092100197.html	http://imgnews.naver.net/image/origin/023/2016/09/21/3212421.jpg
47971	"""자기 생각 못 쓰면 리더 아니다"" 다시 주목받는 노무현의 글쓰기"	http://news.joins.com/article/20781268	http://imgnews.naver.net/image/origin/025/2016/10/26/2654232.jpg
47920	서울서 총격전… 경찰이 사망했다	http://news.chosun.com/site/data/html_dir/2016/10/20/2016102000289.html	http://imgnews.naver.net/image/origin/023/2016/10/20/3221030.jpg
47490	교육부 고위간부 “민중은 개·돼지···신분제 공고화해야”	http://news.khan.co.kr/kh_news/khan_art_view.html?artid=201607082025001&code=940100	http://imgnews.naver.net/image/origin/032/2016/07/08/2712879.jpg
46460	軍 병원 의료사고로 날아간 23살 청년 가장의 꿈	http://www.ytn.co.kr/_ln/0103_201608160502012965	http://imgnews.naver.net/image/origin/052/2016/08/16/889196.jpg
45690	'에어컨 제습모드' 전기료 덜 들까? 확인해보니…	http://news.jtbc.joins.com/article/article.aspx?news_id=NB11289301	http://imgnews.naver.net/image/origin/437/2016/08/10/128191.jpg
45176	강진에도 학교는 “가만히 있으라”…학생들은 무시하고 뛰쳐나와	http://news.khan.co.kr/kh_news/khan_art_view.html?artid=201609131019001&code=940100	http://imgnews.naver.net/image/origin/032/2016/09/13/2728926.jpg
42629	"서울시교육청, ""정유라 고교 졸업 취소 확정, 중학교는 취소 어려워"""	http://news.joins.com/article/20963259	http://imgnews.naver.net/image/origin/025/2016/12/05/2664402.jpg
41904	팔짱낀채 웃으며 조사받는 우병우	http://news.chosun.com/site/data/html_dir/2016/11/07/2016110700194.html	http://imgnews.naver.net/image/origin/023/2016/11/07/3226011.jpg
39847	"이재명, ""노란리본 지겹다"" 말에 기자회견 중 버럭"	http://www.ohmynews.com/NWS_Web/View/at_pg.aspx?CNTN_CD=A0002242543	http://imgnews.naver.net/image/origin/047/2016/09/08/2126212.jpg
37808	이화여대 학생, 정유라에 공개 편지 “어디에선가 말을 타고 있을 너에게”	http://news.khan.co.kr/kh_news/khan_art_view.html?artid=201610201515001&code=940100	http://imgnews.naver.net/image/origin/032/2016/10/20/2736525.jpg
37347	뜨거운 액화 아스팔트를 강아지 4마리 온몸에 부은 범인	http://news.chosun.com/site/data/html_dir/2016/07/26/2016072602347.html?facebook_topics	http://imgnews.naver.net/image/origin/023/2016/07/26/3196585.jpg
36971	[11·5 시민항쟁]“이게 나라냐, 대통령 퇴진”…‘시민항쟁’이 시작됐다	http://news.khan.co.kr/kh_news/khan_art_view.html?artid=201611062024001&code=940100	http://imgnews.naver.net/image/origin/032/2016/11/06/2740432.jpg
36595	“구치소에 있는 건 다른 사람” 최순실 대역설 왜 퍼지나	http://news.joins.com/article/20818384	http://imgnews.naver.net/image/origin/025/2016/11/03/2656462.jpg
36377	박 대통령, 세월호 가라앉을때 ‘올림머리’ 하느라 90분 날렸다	http://www.hani.co.kr/arti/politics/politics_general/773544.html	http://imgnews.naver.net/image/origin/028/2016/12/06/2344832.jpg
36061	최순실 PC 파일 입수…대통령 연설 전 연설문 받았다	http://news.jtbc.joins.com/article/article.aspx?news_id=NB11340632	http://imgnews.naver.net/image/origin/437/2016/10/24/135119.jpg
35885	최순실, 린다 김과 오랜 친분…무기 거래도 손댄 의혹	http://news.joins.com/article/20804838	http://imgnews.naver.net/image/origin/025/2016/11/01/2655684.jpg
35816	'비선실세 의혹' 최순실 딸 SNS에 “돈도 실력...니네 부모를 원망해”	http://news.khan.co.kr/kh_news/khan_art_view.html?artid=201610191120001&code=940100	http://imgnews.naver.net/image/origin/032/2016/10/19/2736210.jpg
35807	보수단체 맞불집회 현장서 금품 살포 포착	http://www.hani.co.kr/arti/society/society_general/771039.html	http://imgnews.naver.net/image/origin/028/2016/11/19/2342483.jpg
35687	인간은 원래 하루 두 번 자도록 설계됐다	http://news.joins.com/article/20681613	http://imgnews.naver.net/image/origin/025/2016/10/06/2648879.jpg
35666	새누리 이은재 황당 발언? 서울시교육청 MS·한컴 계약 공격 논란	http://news.khan.co.kr/kh_news/khan_art_view.html?artid=201610071743001&code=940401	http://imgnews.naver.net/image/origin/032/2016/10/07/2733742.jpg
35205	"""측근 비리 나오면 사퇴?""…이정희 4년 전 발언 재조명"	http://news.sbs.co.kr/news/endPage.do?news_id=N1003889439	http://imgnews.naver.net/image/origin/055/2016/11/15/476093.jpg
35092	문제의 '최순실 파일' 이렇게 입수했다…경위 공개	http://news.jtbc.joins.com/article/article.aspx?news_id=NB11340847	http://imgnews.naver.net/image/origin/437/2016/10/24/135089.jpg
35047	경찰 물대포에 ‘중태’ 농민 백남기씨 317일만에 사망	http://news.khan.co.kr/kh_news/khan_art_view.html?artid=201609251420001&code=940100	http://imgnews.naver.net/image/origin/032/2016/09/25/2730817.jpg
34530	'역대급 토론' 손석희 진행, 전원책˙유시민˙유승민˙이재명 패널	http://news.joins.com/article/21045092	http://imgnews.naver.net/image/origin/025/2016/12/26/2670449.jpg
34483	영화 '귀향' 무료로 관람하세요	http://news.khan.co.kr/kh_news/khan_art_view.html?artid=201602241118281&code=940100	http://imgnews.naver.net/image/origin/032/2016/02/24/2678530.jpg
34228	“김연아, 늘품체조 거절 뒤 미운털”	http://news.kbs.co.kr:80/news/view.do?ncd=3380465	http://imgnews.naver.net/image/origin/056/2016/11/19/10386748.jpg
33880	결재권자처럼 '청와대 문서' 미리 봤는데…처벌 불가?	http://news.jtbc.joins.com/article/article.aspx?news_id=NB11351531	http://imgnews.naver.net/image/origin/437/2016/11/08/137048.jpg
33841	우병우가 다가가자 수사관이 벌떡 일어났다	http://news.chosun.com/site/data/html_dir/2016/11/07/2016110701728.html	http://imgnews.naver.net/image/origin/023/2016/11/07/3226209.jpg
33360	새누리 의원들, ‘탄핵 찬반’ 올린 표창원 의원 검찰에 고소	http://news.khan.co.kr/kh_news/khan_art_view.html?artid=201612041053001&code=910100	http://imgnews.naver.net/image/origin/032/2016/12/04/2747464.jpg
33074	안희정 “반기문, 눈치보느라 자신이 모시던 대통령 조문도 안한 사람”	http://news.khan.co.kr/kh_news/khan_art_view.html?artid=201612211345001&code=940100	http://imgnews.naver.net/image/origin/032/2016/12/21/2751802.jpg
32581	북핵 대북방송 와중에 장병 외출 외박 전면 통제	http://news.joins.com/article/19380671	http://imgnews.naver.net/image/origin/025/2016/01/08/2583506.jpg
32144	난민캠프서 봉사하다가 성폭행·살해당한 10대 여성	http://news.joins.com/article/20965508	http://imgnews.naver.net/image/origin/025/2016/12/05/2664514.jpg
32107	'안면부 신경섬유종' 앓았던 여성…원래 얼굴 찾았다!	http://news.sbs.co.kr/news/endPage.do?news_id=N1003860510	http://imgnews.naver.net/image/origin/055/2016/10/28/469398.jpg
31678	대통령도 최순실 ‘국정 농단’ 인정··· 시민들 ‘탄핵’ 요구 빗발쳐	http://news.khan.co.kr/kh_news/khan_art_view.html?artid=201610252312001&code=940100	http://imgnews.naver.net/image/origin/032/2016/10/25/2737729.jpg
31569	임신 7개월째에도 원나잇하다가 출산…아기가 죽었지만, 점심 먹은 엄마	http://news.chosun.com/site/data/html_dir/2016/08/07/2016080701809.html	http://imgnews.naver.net/image/origin/023/2016/08/07/3199599.jpg
